rang;phrase_br;theme_propose;sous_theme_propose;traduction_fr_proposee;niveau_propose;best_audio_filename;up_votes;down_votes;audio_sha256;audio_a_ecouter;relecture_editoriale
1;A-benn pegoulz e tilojot d'an ti nevez ?;maison-quotidien;Maison;Quand emménagerez-vous dans la nouvelle maison ?;A2;common_voice_br_17975382.mp3;2;0;bb2ef9aadb223ec3ee43260cb391189d17225042d5e60636879ac0836069bbb1;oui;a_relire
2;A-wechoù e tañsan ma-unan er gêr.;maison-quotidien;Maison;Parfois, je danse seul à la maison.;A2;common_voice_br_42770227.mp3;2;0;b64727d26e975cfd26c335e13165da548582e52caaa7096aee04e5d0f8f73a73;oui;a_relire
3;Adkavet em eus ti ma zud-kozh.;maison-quotidien;Maison;J’ai retrouvé la maison de mes grands-parents.;A2;common_voice_br_43449857.mp3;2;0;a2411811e0be47db011bd950872e119c65295baa7bf1420416ff946361769dcf;oui;a_relire
4;bez' em eus un ti nevez.;maison-quotidien;Maison;J’ai une nouvelle maison.;A1;common_voice_br_17995735.mp3;2;0;56d774d60efd83b7483a4a5440840feb9220a02e580620bb6b557d0e730e2318;oui;a_relire
5;Bras eo an ti.;maison-quotidien;Maison;La maison est grande.;A1;common_voice_br_42768379.mp3;4;0;5329955ade52c22bd94d1334b137a3be1d16bbc6354b1431eb7984a03780b1a2;oui;a_relire
6;Bras-tre eo an ti-mañ.;maison-quotidien;Maison;Cette maison est très grande.;A1;common_voice_br_17859243.mp3;2;0;4d4365b9ad30ad384c64a8b565c7f5e17fd90b01262631c9d61a05ea76986200;oui;a_relire
7;Brav eo an ti.;maison-quotidien;Maison;La maison est belle.;A1;common_voice_br_17992859.mp3;2;0;7faf9ba614c6054633e444a3c0f1f0a37f44b39296b13958e3ba9c2a57f3143e;oui;a_relire
8;C'hwec'h den emaomp er gêr.;maison-quotidien;Maison;Nous sommes six à la maison.;A1;common_voice_br_43742623.mp3;4;0;0e449eb304046eeca67846ab68f67e70443e76b8a85921588fff28279a37db13;oui;a_relire
9;Chomet e oan er gêr.;maison-quotidien;Maison;J’étais resté à la maison.;A2;common_voice_br_49180247.mp3;4;0;92aafaf358b8c6f82e94de9dac7ea57b305b1e03e1a465737c2316cd124b5fa4;oui;a_relire
10;da greisteiz e vezan er gêr.;maison-quotidien;Maison;Je suis à la maison à midi.;A2;common_voice_br_17859107.mp3;2;0;4232b023ba2b30cd955a98320b6188168c1a3bb2c9b3d383cb44518d336f1e5e;oui;a_relire
11;Er gêr emaomp.;maison-quotidien;Maison;Nous sommes à la maison.;A1;common_voice_br_49115669.mp3;4;0;b8b1d36b5133310643ff1d6b0716ebdaded205e2f73db9c77309dbe220b771d6;oui;a_relire
12;Er gêr emañ ho tad ?;maison-quotidien;Maison;Votre père est-il à la maison ?;A1;common_voice_br_17808470.mp3;2;0;73a6e653927f48c964be2494663360ea92321a564e4fc2576169b673ee2236eb;oui;a_relire
13;E-unanik eo chomet er gêr.;maison-quotidien;Maison;Il est resté seul à la maison.;A2;common_voice_br_17977971.mp3;2;0;1a7c15a5f138f73777f280ccab881f56bad62a7e2cecb846407d2637215804e5;oui;a_relire
14;Penaos eo an ti nevez ?;maison-quotidien;Maison;Comment est la nouvelle maison ?;A1;common_voice_br_17978404.mp3;2;0;3c42a68703553e6aef224f115d657af29323e75934a0fded51d903a6f03d4ce1;oui;a_relire
15;Un ti nevez 'c'h eus prenet ?;maison-quotidien;Maison;As-tu acheté une nouvelle maison ?;A2;common_voice_br_38494415.mp3;2;0;c08f9b60ef67d3de342ff737c3fdfdb60de1ccd31e6aa7bab9478f06f7a55f8d;oui;a_relire
16;Chom a ran em gwele, bep Lun vintin betek kreisteiz.;maison-quotidien;Matin & soir;Je reste au lit tous les lundis matin jusqu’à midi.;B1;common_voice_br_43563271.mp3;4;0;29b3b395673190724a8a9da98a46a5dac9f1fbeb0ad7941d6c71d256ef4b913a;oui;a_relire
17;Da bet eur oc'h dihunet ?;maison-quotidien;Matin & soir;À quelle heure vous réveillez-vous ?;A2;common_voice_br_18141835.mp3;2;0;e02a6a6c8877c5e8731bb9bed50a736bfdabd01355d23bb0c750ab2f6b9d8cea;oui;a_relire
18;bep mintin e tebremp lein diouzh taol.;maison-quotidien;Matin & soir;Chaque matin, nous prenions le petit déjeuner à table.;B1;common_voice_br_17973204.mp3;2;0;6cdb4774320d88101d09b2d457110c3c213b761bcbab96a5cb804db3d0ea4cc1;oui;a_relire
19;Evañ a raemp ur banne chokolad tomm bep mintin.;maison-quotidien;Matin & soir;Nous buvions un chocolat chaud chaque matin.;A2;common_voice_br_42768665.mp3;4;0;2211e609530fb01c0d86a2f5d21cd44e36d5bd8a022903bd49cbd1a584221e19;oui;a_relire
20;kousket en doa mat e-pad an noz.;maison-quotidien;Matin & soir;Il avait bien dormi pendant la nuit.;B1;common_voice_br_17976298.mp3;2;0;6a8d14814860c3e85b6d8a3a61f594392a307d75a1e8ff1a3b6b53cead296341;oui;a_relire
21;Peurliesañ ec'h evan kafe da lein.;maison-quotidien;Matin & soir;Je bois généralement du café au petit déjeuner.;A2;common_voice_br_17962326.mp3;2;0;993b14732eb5d8be31a237daaee6dcbcd937403fe7145dc169289351d26e398c;oui;a_relire
22;Evañ a rez kafe diouzh ar mintin ? Ne ran ket.;maison-quotidien;Matin & soir;Bois-tu du café le matin ? Moi non.;A2;common_voice_br_43903416.mp3;2;0;24476d34493ae8dc28f001805ff3f43df605284de89ce6a9b4163b914c1a3b46;oui;a_relire
23;Petra a ya ganeoc'h da vintin ? Kafe pe te ?;maison-quotidien;Matin & soir;Que prenez-vous le matin : du café ou du thé ?;A2;common_voice_br_17968718.mp3;2;0;cddf9bfbd6f8afe5015a7e56c64d6be26f965957633e46799dd759c036febf7b;oui;a_relire
24;Da eizh eur dek e sonas ar pellgomz.;maison-quotidien;Objets du quotidien;Le téléphone a sonné à huit heures dix.;A2;common_voice_br_42768292.mp3;4;0;70627024caf79d76ead8a52175288b9b60ce9323b229d30001dae3a1f6586885;oui;a_relire
25;Digeriñ a ra an nor.;maison-quotidien;Maison;La porte s’ouvre.;A1;common_voice_br_18702524.mp3;2;0;0e8d5941aa82b588670114bc05c7b14dddd3310063bb300b76dd8788d6f52260;oui;a_relire
26;Digeriñ a ran an nor.;maison-quotidien;Maison;J’ouvre la porte.;A1;common_voice_br_17987531.mp3;2;0;cac34b8305e802b31d78c1cf2c65631f22f641d5d658567a02d37238eeac78e3;oui;a_relire
27;Digeriñ a rit an nor ?;maison-quotidien;Maison;Ouvrez-vous la porte ?;A1;common_voice_br_42768428.mp3;4;0;60a33656fc805db8cf9d567974e219541af1d42eaa35fc3b0955490f20d54b57;oui;a_relire
28;Alc'hwezit an nor war ho lerc'h, mar plij.;maison-quotidien;Maison;Fermez la porte à clé derrière vous, s’il vous plaît.;A2;common_voice_br_49643512.mp3;4;0;4a171fef3986e47dbffa61c1bfe01fe8f500ce0cfc7dad99c9ee609b296a4182;oui;a_relire
29;Mat eo deoc'h ma tigoran ar prenestr ?;maison-quotidien;Pièces & mobilier;Cela vous convient-il si j’ouvre la fenêtre ?;A2;common_voice_br_42768677.mp3;4;0;d3dfdafd28aa4ac9d071c73e51e3f167deef6615b5b3b7e0e50c76d6b85dfd35;oui;a_relire
30;Serrit ar prenestr mar plij !;maison-quotidien;Pièces & mobilier;Fermez la fenêtre, s’il vous plaît !;A1;common_voice_br_48799817.mp3;2;0;b32b9a8d655b9a10528abd77e267a4a6b4bb1a133cabc3c0cef4a80aff4e030d;oui;a_relire
31;Plijout a ra kalz dezhi kempenn an ti.;maison-quotidien;Tâches quotidiennes;Elle aime beaucoup ranger la maison.;A2;common_voice_br_42767569.mp3;4;0;361f7fdecce0dce8ec9b0228422b8fece8f5e532d1e8cfd0eefec618f5f97e0c;oui;a_relire
32;Ret eo din kempenn an ti.;maison-quotidien;Tâches quotidiennes;Je dois ranger la maison.;A2;common_voice_br_49047829.mp3;4;0;428e42370c69c0ccb6065886a1bf486c1a889dccb189d22de8bf02862e66b173;oui;a_relire
33;Gwalc'hiñ a reer e zaouarn a-raok mont ouzh taol.;maison-quotidien;Tâches quotidiennes;On se lave les mains avant de passer à table.;B1;common_voice_br_17995807.mp3;2;0;c8d00e90865a8f1e67d67fbfdf99057a66f5c01b7747c8755a61f073e30c1b0d;oui;a_relire
34;Ret eo din broustañ ma dent ha mont dindan an dour c'hoazh.;maison-quotidien;Tâches quotidiennes;Je dois encore me brosser les dents et prendre une douche.;B1;common_voice_br_17975542.mp3;2;0;f89907f2b97128992167f1032fe14a39a8c14230c6207e856ca20185aeb9dbb7;oui;a_relire
35;Laka an dour da virviñ mar plij.;maison-quotidien;Tâches quotidiennes;Fais bouillir l’eau, s’il te plaît.;A2;common_voice_br_38415775.mp3;2;0;2b48fec137a5a6f8483b4d925b84c3f61159713ef6d2ba07b38fc06d7a7f7499;oui;a_relire
36;Digeriñ a ran ar gloued bep mintin.;maison-quotidien;Tâches quotidiennes;J’ouvre le portail chaque matin.;A2;common_voice_br_17962813.mp3;2;0;f5fd187329fba9df807844203a197b8beb980008c791b19e87015e58284e6454;oui;a_relire
37;Ne zigoran ket ar gloued bep mintin.;maison-quotidien;Tâches quotidiennes;Je n’ouvre pas le portail tous les matins.;A2;common_voice_br_17962766.mp3;2;0;ee4318268e40a17cac72e1b0e20f9e07bd72e5f00cfaf9b895e4d801f8ad2b75;oui;a_relire
38;Gant piv eo bet lazhet ar gouloù ?;maison-quotidien;Tâches quotidiennes;Qui a éteint la lumière ?;A2;common_voice_br_17335031.mp3;2;0;68c903ff50b1f9c86e5720c0b0fef4a641efd1a478ce63d446e34d464a00a111;oui;a_relire
39;N'on ket sur em eus lazhet ar gouloù a-raok mont er-maez.;maison-quotidien;Tâches quotidiennes;Je ne suis pas sûr d’avoir éteint la lumière avant de sortir.;B1;common_voice_br_17363452.mp3;2;0;d857a914fa8a904817bcd652d51f0b7ca2b7852f73fa59b8213849e84ffc642c;oui;a_relire
40;e-keit ha ma vez gouloù e chomomp da lenn.;maison-quotidien;Tâches quotidiennes;Tant qu’il y a de la lumière, nous restons lire.;B1;common_voice_br_17339770.mp3;2;0;1db444b8c075a06cdf53566679256c3ad53abbfdeb40912f4559ef879e7114d0;oui;a_relire
41;Taolit evezh na zeufe dour en ti.;maison-quotidien;Maison;Faites attention à ce que l’eau n’entre pas dans la maison.;B1;common_voice_br_18039891.mp3;2;0;f9a66d740064b864b6c064ac2100ef5f6d36a3b5bfbebb0182987452144fd93e;oui;a_relire
42;Pelec'h emañ ar sal-emwalc'hiñ ?;maison-quotidien;Pièces & mobilier;Où est la salle de bains ?;A1;common_voice_br_17333953.mp3;2;0;af6cf43705c8ded9c66ba913e413610babd7d6e96ee5897ceea9406e3115002c;oui;a_relire
43;Treuzit ar sal evit mont e-maez.;maison-quotidien;Pièces & mobilier;Traversez la pièce pour sortir.;A2;common_voice_br_49630209.mp3;4;0;604a5687d43623cca13cbb3418f8fc281c214a76b473f926258df0d68f35de2b;oui;a_relire
44;Pelec'h emañ al levr ? War al leur emañ.;maison-quotidien;Objets du quotidien;Où est le livre ? Il est par terre.;A2;common_voice_br_44754773.mp3;4;0;2967b0371f6cf8c7f83eeb7918c0192cfa498a8e90fcdcc81114a1b1fbc1fe81;oui;a_relire
45;Pelec’h emañ ar sac'h-skol ? War an daol emañ.;maison-quotidien;Objets du quotidien;Où est le cartable ? Il est sur la table.;A2;common_voice_br_42925249.mp3;3;0;b29b6df379ed6cc586819a45d93959f20f37a8c8221c00cc0dbc93aaeefd7445;oui;a_relire
46;Petra eo an dra-se ? Un daol eo.;maison-quotidien;Pièces & mobilier;Qu’est-ce que c’est ? C’est une table.;A1;common_voice_br_42738537.mp3;4;0;18df15a15c0b111f82e2565c5ddc17e6d727f5d8382995ffbebee3a9033cfd61;oui;a_relire
47;Petra zo aze war an daol ?;maison-quotidien;Objets du quotidien;Qu’y a-t-il là sur la table ?;A1;common_voice_br_17859151.mp3;2;0;ff76fe6cef437da6841933cd0baa6e34332dfa1b0955f4e0194701fb5a014a08;oui;a_relire
48;Pelec'h eo bet lakaet al levr ganeoc'h ?;maison-quotidien;Objets du quotidien;Où avez-vous mis le livre ?;A2;common_voice_br_17967195.mp3;2;0;3172d773c6693719ab5bb498f5a272c0a94d053e9d295f3b6e69fcb42bc7959f;oui;a_relire
49;Peseurt sac'h eo hoc'h hini ?;maison-quotidien;Objets du quotidien;Quel sac est le vôtre ?;A2;common_voice_br_32547195.mp3;4;0;b97c6fbb200c5dc129ed25f1a29a63a9a3299b120fbfb57ce5429877ad96b274;oui;a_relire
50;Koad gwirion eo leur ar sal ?;maison-quotidien;Pièces & mobilier;Le sol de la pièce est-il en vrai bois ?;A2;common_voice_br_42767419.mp3;4;0;f7a562f8e7ce37712ce373a90094072cb9969b75a993a8ee04ed2fb0567c4a67;oui;a_relire
