rang;phrase_br;best_audio_filename;up_votes;down_votes;theme_propose;traduction_fr;niveau;decision;traduction_statut;niveau_statut
1;Demat deoc'h.;common_voice_br_19283036.mp3;2;0;rencontres;Bonjour à vous.;A1;a_valider_editorialement;proposition_a_relire;proposition_a_relire
2;Demat dit, Yann on me. Piv out-te ?;common_voice_br_49021478.mp3;4;0;rencontres;Bonjour à toi, je suis Yann. Qui es-tu ?;A2;a_valider_editorialement;proposition_a_relire;proposition_a_relire
3;Kenavo !;common_voice_br_41622918.mp3;3;0;rencontres;Au revoir !;A1;a_valider_editorialement;proposition_a_relire;proposition_a_relire
4;Kenavo warc'hoazh.;common_voice_br_43396730.mp3;4;0;rencontres;À demain.;A1;a_valider_editorialement;proposition_a_relire;proposition_a_relire
5;Trugarez !;common_voice_br_17973438.mp3;2;0;rencontres;Merci !;A1;a_valider_editorialement;proposition_a_relire;proposition_a_relire
6;Trugarez dit.;common_voice_br_43445369.mp3;4;0;rencontres;Merci à toi.;A1;a_valider_editorialement;proposition_a_relire;proposition_a_relire
7;Mat emaoc'h ?;common_voice_br_42912100.mp3;4;0;rencontres;Comment allez-vous ?;A1;a_valider_editorialement;proposition_a_relire;proposition_a_relire
8;Mat emaon, trugarez !;common_voice_br_48566175.mp3;4;0;rencontres;Je vais bien, merci !;A1;a_valider_editorialement;proposition_a_relire;proposition_a_relire
9;Petra nevez ?;common_voice_br_43376568.mp3;4;0;rencontres;Quoi de neuf ?;A1;a_valider_editorialement;proposition_a_relire;proposition_a_relire
10;Penaos 'mañ ?;common_voice_br_32547117.mp3;4;0;rencontres;Comment ça va ?;A1;a_valider_editorialement;proposition_a_relire;proposition_a_relire
11;Petra eo da anv ?;common_voice_br_42912634.mp3;4;0;rencontres;Comment t’appelles-tu ?;A1;a_valider_editorialement;proposition_a_relire;proposition_a_relire
12;Eus pelec'h out ?;common_voice_br_42768494.mp3;4;0;rencontres;D’où viens-tu ?;A1;a_valider_editorialement;proposition_a_relire;proposition_a_relire
13;Piv oc'h-chwi ?;common_voice_br_43421378.mp3;4;0;rencontres;Qui êtes-vous ?;A1;a_valider_editorialement;proposition_a_relire;proposition_a_relire
14;Pelec'h emaoc'h ?;common_voice_br_32547344.mp3;4;0;rencontres;Où êtes-vous ?;A1;a_valider_editorialement;proposition_a_relire;proposition_a_relire
15;A-du emaoc'h ?;common_voice_br_42912716.mp3;4;0;rencontres;Êtes-vous d’accord ?;A2;a_valider_editorialement;proposition_a_relire;proposition_a_relire
16;Ya, mar plij !;common_voice_br_43479206.mp3;4;0;rencontres;Oui, s’il vous plaît !;A1;a_valider_editorialement;proposition_a_relire;proposition_a_relire
17;Nann, trugarez evit ho sikour, tost erruet on.;common_voice_br_49026298.mp3;4;0;rencontres;Non, merci pour votre aide, je suis presque arrivé.;A2;a_valider_editorialement;proposition_a_relire;proposition_a_relire
18;Mar plij ganit.;common_voice_br_42768652.mp3;4;0;rencontres;S’il te plaît.;A1;a_valider_editorialement;proposition_a_relire;proposition_a_relire
19;Pet eur eo ?;common_voice_br_43376542.mp3;4;0;maison-quotidien;Quelle heure est-il ?;A1;a_valider_editorialement;proposition_a_relire;proposition_a_relire
20;Dek eur eo.;common_voice_br_43624501.mp3;4;0;maison-quotidien;Il est dix heures.;A1;a_valider_editorialement;proposition_a_relire;proposition_a_relire
21;Da bet eur e krog ?;common_voice_br_17973405.mp3;2;0;maison-quotidien;À quelle heure cela commence-t-il ?;A2;a_valider_editorialement;proposition_a_relire;proposition_a_relire
22;Da bet eur e teu ?;common_voice_br_32547334.mp3;4;0;maison-quotidien;À quelle heure vient-il ou vient-elle ?;A2;a_valider_editorialement;proposition_a_relire;proposition_a_relire
23;A-benn fenoz.;common_voice_br_17976295.mp3;2;0;maison-quotidien;D’ici ce soir.;A1;a_valider_editorialement;proposition_a_relire;proposition_a_relire
24;Fenoz da eizh eur.;common_voice_br_49020247.mp3;4;0;maison-quotidien;Ce soir à huit heures.;A1;a_valider_editorialement;proposition_a_relire;proposition_a_relire
25;Da bet eur e tigor ar stal ?;common_voice_br_42912327.mp3;4;0;maison-quotidien;À quelle heure ouvre le magasin ?;A2;a_valider_editorialement;proposition_a_relire;proposition_a_relire
26;E pelec'h emaoc'h o chom ?;common_voice_br_17987853.mp3;2;0;maison-quotidien;Où habitez-vous ?;A2;a_valider_editorialement;proposition_a_relire;proposition_a_relire
27;E pelec'h emaoc'h o labourat ?;common_voice_br_17333689.mp3;2;0;travail-etudes;Où travaillez-vous ?;A2;a_valider_editorialement;proposition_a_relire;proposition_a_relire
28;Penaos mont di ?;common_voice_br_49034512.mp3;4;0;deplacements;Comment y aller ?;A2;a_valider_editorialement;proposition_a_relire;proposition_a_relire
29;Gouzout a rit penaos mont d'al leti Mariott ?;common_voice_br_17878733.mp3;2;0;deplacements;Savez-vous comment aller à l’hôtel Marriott ?;A2;a_valider_editorialement;proposition_a_relire;proposition_a_relire
30;Gallout a ran kaout ur banne dour mar plij ?;common_voice_br_17992948.mp3;2;0;alimentation-achats;Puis-je avoir un verre d’eau, s’il vous plaît ?;A2;a_valider_editorialement;proposition_a_relire;proposition_a_relire
31;Daou vanne dour mar plij.;common_voice_br_18702820.mp3;2;0;alimentation-achats;Deux verres d’eau, s’il vous plaît.;A1;a_valider_editorialement;proposition_a_relire;proposition_a_relire
32;Gallout a rez fardañ kafe mar plij ?;common_voice_br_42912257.mp3;4;0;alimentation-achats;Peux-tu préparer du café, s’il te plaît ?;A2;a_valider_editorialement;proposition_a_relire;proposition_a_relire
33;Ur bannac'h kafe am bo mar plij ganeoc'h !;common_voice_br_49048164.mp3;4;0;alimentation-achats;Je prendrai un café, s’il vous plaît !;A2;a_valider_editorialement;proposition_a_relire;proposition_a_relire
34;Degasit dimp bara c'hoazh, mar plij.;common_voice_br_43624460.mp3;4;0;alimentation-achats;Apportez-nous encore du pain, s’il vous plaît.;A2;a_valider_editorialement;proposition_a_relire;proposition_a_relire
35;Hag-eñ e chom bara c'hoazh ?;common_voice_br_43662578.mp3;4;0;alimentation-achats;Reste-t-il encore du pain ?;A2;a_valider_editorialement;proposition_a_relire;proposition_a_relire
36;Mont a ran da gousket.;common_voice_br_18743567.mp3;2;0;maison-quotidien;Je vais me coucher.;A1;a_valider_editorialement;proposition_a_relire;proposition_a_relire
37;Poent eo mont da gousket.;common_voice_br_43832510.mp3;4;0;maison-quotidien;Il est temps d’aller se coucher.;A2;a_valider_editorialement;proposition_a_relire;proposition_a_relire
38;Mont a ran da gousket abred.;common_voice_br_49343357.mp3;4;0;maison-quotidien;Je vais me coucher tôt.;A1;a_valider_editorialement;proposition_a_relire;proposition_a_relire
39;Ret eo din mont da gousket abred fenoz.;common_voice_br_49128994.mp3;4;0;maison-quotidien;Je dois me coucher tôt ce soir.;A2;a_valider_editorialement;proposition_a_relire;proposition_a_relire
40;An amzer a zo brav.;common_voice_br_17965706.mp3;2;0;nature-meteo;Il fait beau.;A1;a_valider_editorialement;proposition_a_relire;proposition_a_relire
41;An amzer a zo tomm hiziv.;common_voice_br_43461564.mp3;4;0;nature-meteo;Il fait chaud aujourd’hui.;A1;a_valider_editorialement;proposition_a_relire;proposition_a_relire
42;Tomm eo an amzer.;common_voice_br_42768093.mp3;4;0;nature-meteo;Il fait chaud.;A1;a_valider_editorialement;proposition_a_relire;proposition_a_relire
43;Yen e vo fenoz.;common_voice_br_17987753.mp3;2;0;nature-meteo;Il fera froid ce soir.;A2;a_valider_editorialement;proposition_a_relire;proposition_a_relire
44;Chom hep aon.;common_voice_br_49182957.mp3;4;0;sante-bien-etre;N’aie pas peur.;A1;a_valider_editorialement;proposition_a_relire;proposition_a_relire
45;Petra c'hoarvez ?;common_voice_br_44754352.mp3;4;0;maison-quotidien;Que se passe-t-il ?;A1;a_valider_editorialement;proposition_a_relire;proposition_a_relire
46;Petra zo d’ober ?;common_voice_br_42738587.mp3;4;0;maison-quotidien;Que faut-il faire ?;A2;a_valider_editorialement;proposition_a_relire;proposition_a_relire
47;Petra ac'h eus ezhomm ?;common_voice_br_49086219.mp3;4;0;maison-quotidien;De quoi as-tu besoin ?;A2;a_valider_editorialement;proposition_a_relire;proposition_a_relire
48;Ha dont a ri ?;common_voice_br_43624461.mp3;4;0;rencontres;Viendras-tu ?;A1;a_valider_editorialement;proposition_a_relire;proposition_a_relire
49;Gervel a rin ac'hanoch warc'hoazh.;common_voice_br_19750764.mp3;2;0;maison-quotidien;Je vous appellerai demain.;A2;a_valider_editorialement;proposition_a_relire;proposition_a_relire
50;Mont a rin.;common_voice_br_49111340.mp3;4;0;maison-quotidien;J’irai.;A1;a_valider_editorialement;proposition_a_relire;proposition_a_relire
