rang;phrase_br;theme_propose;sous_theme_propose;source_lot;theme_source;traduction_fr_proposee;niveau_propose;best_audio_filename;up_votes;down_votes;audio_a_ecouter;relecture_editoriale;audio_sha256
1;Demat deoc'h.;rencontres;saluer-et-prendre-conge;premier_lot_existant;☕ Vie quotidienne;Bonjour à vous.;A1;common_voice_br_19283036.mp3;2;0;oui;a_relire;d2e15866c12947153e34f9c016a9e8197522c5b15bafc082a9c1efa4eec69692
2;Demat dit, Yann on me. Piv out-te ?;rencontres;se-presenter;premier_lot_existant;☕ Vie quotidienne;Bonjour à toi, je suis Yann. Qui es-tu ?;A2;common_voice_br_49021478.mp3;4;0;oui;a_relire;87ae65ed3bb2c13cf93c018fde06ad272db6b1a609af574f299373f53c7c8267
3;Kenavo !;rencontres;saluer-et-prendre-conge;premier_lot_existant;☕ Vie quotidienne;Au revoir !;A1;common_voice_br_41622918.mp3;3;0;oui;a_relire;7a968ed923e584726de6e994141685087171e665a4d4367dd7ab5584fa40290a
4;Kenavo warc'hoazh.;rencontres;saluer-et-prendre-conge;premier_lot_existant;☕ Vie quotidienne;À demain.;A1;common_voice_br_43396730.mp3;4;0;oui;a_relire;dc52f1de8312705d2d0348643957f6efbaed5e22b0af84bc6efff8a95bebb25f
5;Trugarez !;rencontres;saluer-et-prendre-conge;premier_lot_existant;☕ Vie quotidienne;Merci !;A1;common_voice_br_17973438.mp3;2;0;oui;a_relire;459b22c77b011638fe08d2407f6f39b7f6f549fb715a00d96aecb94d65351e9f
6;Trugarez dit.;rencontres;saluer-et-prendre-conge;premier_lot_existant;☕ Vie quotidienne;Merci à toi.;A1;common_voice_br_43445369.mp3;4;0;oui;a_relire;dc87a7cd661ca8cd9e22af1d6e324b355359819fa9a6adcf23f7eb81c4495c40
7;Mat emaoc'h ?;rencontres;poser-des-questions;premier_lot_existant;☕ Vie quotidienne;Comment allez-vous ?;A1;common_voice_br_42912100.mp3;4;0;oui;a_relire;6c3622f1b155e9d2b07d6619513ca43464354c96eff033379db326d1c919a24c
8;Mat emaon, trugarez !;rencontres;parler-de-soi;premier_lot_existant;☕ Vie quotidienne;Je vais bien, merci !;A1;common_voice_br_48566175.mp3;4;0;oui;a_relire;c733065e78211b73b142c0f533a44c3507d23ae56d5ddb57d34beb7a3ecdac04
9;Petra nevez ?;rencontres;poser-des-questions;premier_lot_existant;☕ Vie quotidienne;Quoi de neuf ?;A1;common_voice_br_43376568.mp3;4;0;oui;a_relire;308ad7d074d7add79ca24bb6dde5821f2cf6300e78c66b602713ba12dd7f1bba
10;Penaos 'mañ ?;rencontres;poser-des-questions;premier_lot_existant;☕ Vie quotidienne;Comment ça va ?;A1;common_voice_br_32547117.mp3;4;0;oui;a_relire;a4b8287cef340250c5048f66b6b15322492cb66c6228bc396e0ca9bc850d2753
11;Petra eo da anv ?;rencontres;se-presenter;premier_lot_existant;☕ Vie quotidienne;Comment t’appelles-tu ?;A1;common_voice_br_42912634.mp3;4;0;oui;a_relire;357255e1ab965d592bd29bf7b418e7a09ce730aa6810f8720147f1c8605fe1c0
12;Eus pelec'h out ?;rencontres;origine-et-lieu-de-vie;premier_lot_existant;☕ Vie quotidienne;D’où viens-tu ?;A1;common_voice_br_42768494.mp3;4;0;oui;a_relire;c921b87bd20a3b219dd60a662a37aa8a431173477632128bef0c4f18c7cb8885
13;Piv oc'h-chwi ?;rencontres;se-presenter;premier_lot_existant;☕ Vie quotidienne;Qui êtes-vous ?;A1;common_voice_br_43421378.mp3;4;0;oui;a_relire;1efe07da45f1ee5edf63e901f53132fcbe7a93d870a03167e9a875c4049cd42b
14;Pelec'h emaoc'h ?;rencontres;origine-et-lieu-de-vie;premier_lot_existant;☕ Vie quotidienne;Où êtes-vous ?;A1;common_voice_br_32547344.mp3;4;0;oui;a_relire;1451092aa26008c6582ba48a8faa0f7aa24ee2f7fae08881c2b77e33a8451bb5
15;A-du emaoc'h ?;rencontres;poser-des-questions;premier_lot_existant;☕ Vie quotidienne;Êtes-vous d’accord ?;A2;common_voice_br_42912716.mp3;4;0;oui;a_relire;4e3ee4bbb13149667797b881516911b5d509da818691a5b07d12e5e0908f0b49
16;Ya, mar plij !;rencontres;saluer-et-prendre-conge;premier_lot_existant;☕ Vie quotidienne;Oui, s’il vous plaît !;A1;common_voice_br_43479206.mp3;4;0;oui;a_relire;8fbd78f4fcc1a499377ff045e720afd86dbc80f095cc042b9a932f9ee1c7fe84
17;Nann, trugarez evit ho sikour, tost erruet on.;rencontres;saluer-et-prendre-conge;premier_lot_existant;☕ Vie quotidienne;Non, merci pour votre aide, je suis presque arrivé.;A2;common_voice_br_49026298.mp3;4;0;oui;a_relire;f458c1a8413bc6064b1e364ef52ed91175a11cfab09e089123afd5c09cfd6111
18;Mar plij ganit.;rencontres;saluer-et-prendre-conge;premier_lot_existant;☕ Vie quotidienne;S’il te plaît.;A1;common_voice_br_42768652.mp3;4;0;oui;a_relire;81555acd6ebd527799113324016a6a4bf8f1da612bbeb29717729d4b47674a7b
19;Ha dont a ri ?;rencontres;poser-des-questions;premier_lot_existant;☕ Vie quotidienne;Viendras-tu ?;A1;common_voice_br_43624461.mp3;4;0;oui;a_relire;0219b480310e695dab139708a7d66395c0e0cad3c82266f05f9b46f9f6b44d4c
20;Salud !;rencontres;saluer-et-prendre-conge;nouvelle_candidate;;Salut !;;common_voice_br_18743502.mp3;2;0;oui;a_relire;ce644f72ca5154b0f33546001248f0e358a4d1801240cc06b122971ab72a9b1e
21;Noz vat !;rencontres;saluer-et-prendre-conge;nouvelle_candidate;;Bonne nuit !;;common_voice_br_18743330.mp3;2;0;oui;a_relire;e668eca7df3020442dcd58a1794cb6b29ebe390283257cecd6f09af5929eb24d
22;nozvat deoc'h.;rencontres;saluer-et-prendre-conge;nouvelle_candidate;;Bonne nuit à vous.;;common_voice_br_17965657.mp3;2;0;oui;a_relire;3616d671df8397e92d3fe95114cf60b213330c0b3b8ecf0e915ebde124d8b829
23;Kenavo deoc'h.;rencontres;saluer-et-prendre-conge;nouvelle_candidate;;Au revoir à vous.;;common_voice_br_43359797.mp3;2;0;oui;a_relire;05fcc761f5f3708f55ecdecd8d7e49fb9574dd1aeeb45fe70d7517a1a7577b52
24;Trugarez vras.;rencontres;saluer-et-prendre-conge;nouvelle_candidate;;Merci beaucoup.;;common_voice_br_18702464.mp3;2;0;oui;a_relire;08ab98d47285b4d13c8c8f4f65bb9f6c2c33c81679401e0aacd437856daa2a67
25;trugarez deoc'h.;rencontres;saluer-et-prendre-conge;nouvelle_candidate;;Merci à vous.;;common_voice_br_17978537.mp3;2;0;oui;a_relire;72d48550baeba27baa98d8ff04a90d1051d13b4a27eb4b1e7725231755be3c3a
26;Azezit mar plij.;rencontres;saluer-et-prendre-conge;nouvelle_candidate;;Asseyez-vous, s’il vous plaît.;;common_voice_br_17988493.mp3;2;0;oui;a_relire;1e06ebf70b5b7f12155e52312b30e637b2da4af56b384286cba928a038d14f5b
27;Deuet mat oc'h.;rencontres;saluer-et-prendre-conge;nouvelle_candidate;;Bienvenue.;;common_voice_br_42912622.mp3;4;0;oui;a_relire;3a05978620712a8ecfa8851a62edd0972ce91452f3af184d68c3a0ed8e4c92cc
28;Mat emaon, ha chwi ?;rencontres;parler-de-soi;nouvelle_candidate;;Je vais bien, et vous ?;;common_voice_br_42767700.mp3;4;0;oui;a_relire;cff0758ef78e73374cc4188b2ae3a5eb60edb1a7e4d57a80775436d8442eb920
29;Penaos emañ kont ?;rencontres;poser-des-questions;nouvelle_candidate;;Comment ça va ?;;common_voice_br_19847687.mp3;3;0;oui;a_relire;09bf89eedb2f940f84c4f0bb5eafc759c8230d444af8aebe7ee93334d44e6db7
30;Penaos emañ an traoù ?;rencontres;poser-des-questions;nouvelle_candidate;;Comment vont les choses ?;;common_voice_br_17973142.mp3;2;0;oui;a_relire;0fbd825d6dd177bdcff084d4eddf692ebd850acd47e888c3ab7b585e7d2cfc2e
31;Piv out ?;rencontres;se-presenter;nouvelle_candidate;;Qui es-tu ?;;common_voice_br_17339861.mp3;2;0;oui;a_relire;62cd14a38a6d9a8f7b7c12ba90f7570d61745fb3645e30cd2984183ab1114060
32;Piv oc'h ?;rencontres;se-presenter;nouvelle_candidate;;Qui êtes-vous ?;;common_voice_br_17973205.mp3;2;0;oui;a_relire;e63f304e51990c473c4c059baa112f36eaf3958aa3b9b8146fc7e555282f0b42
33;Pe anv out ?;rencontres;se-presenter;nouvelle_candidate;;Comment t’appelles-tu ?;;common_voice_br_17978498.mp3;2;0;oui;a_relire;14010a16fa960841c55e3a05675f345edc52e95848d5f330f0ee3ec6695a5ad0
34;Pe anv oc'h ?;rencontres;se-presenter;nouvelle_candidate;;Comment vous appelez-vous ?;;common_voice_br_17339913.mp3;2;0;oui;a_relire;e325c5587d75db0329fe0acc55c1889a81056d3917af0840879f31f1047c1a40
35;Petra eo hoc'h anv ?;rencontres;se-presenter;nouvelle_candidate;;Quel est votre nom ?;;common_voice_br_17995535.mp3;2;0;oui;a_relire;8ec14e0a5ed788eab8ba5618d0471831357a2d1ba10dc21baf549bd220f27e15
36;Raja eo ma anv.;rencontres;se-presenter;nouvelle_candidate;;Je m’appelle Raja.;;common_voice_br_43479237.mp3;4;0;oui;a_relire;249ebdf689932ffc0c21793b08142ea28082589ac5289fbf40ca5d1e635a00d4
37;Enora eo ma anv.;rencontres;se-presenter;nouvelle_candidate;;Je m’appelle Enora.;;common_voice_br_42768294.mp3;4;0;oui;a_relire;0816226f5ae3c85aa060b73abc7d1be320e831f1990f095ae0ec4c47e1789b90
38;Eus pelec'h oc'h ?;rencontres;origine-et-lieu-de-vie;nouvelle_candidate;;D’où venez-vous ?;;common_voice_br_17967398.mp3;2;0;oui;a_relire;85c79f70837ca2620a9c2879b49a2729369960603b21a4fc93123af188643585
39;Pet vloaz out ?;rencontres;parler-de-soi;nouvelle_candidate;;Quel âge as-tu ?;;common_voice_br_18129032.mp3;2;0;oui;a_relire;72160a522636c1fc417ad54139d4b6d19e20e8749f0d55470ea314cf26e5b4cb
40;Pet vloaz oc'h ?;rencontres;parler-de-soi;nouvelle_candidate;;Quel âge avez-vous ?;;common_voice_br_17973299.mp3;2;0;oui;a_relire;08e06c6e1bd4519da75f83860d2c5011aad6d91055f5e250e248ca2c2aea5415
41;Bugale hoc'h eus ?;rencontres;parler-de-soi;nouvelle_candidate;;Avez-vous des enfants ?;;common_voice_br_17970125.mp3;2;0;oui;a_relire;0e206167c2b421c7cee039560a7a2fa61cfa38ec5b28d9d2570df5701e00a7a2
42;Dimezet oc'h ?;rencontres;parler-de-soi;nouvelle_candidate;;Êtes-vous marié(e) ?;;common_voice_br_44754465.mp3;4;0;oui;a_relire;7ddf20d20c2f1507b5473f4f15474829c56055ea5ed35ecd3fffde90ac11ab34
43;Pell zo emaout amañ ?;rencontres;origine-et-lieu-de-vie;nouvelle_candidate;;Es-tu ici depuis longtemps ?;;common_voice_br_18150388.mp3;2;0;oui;a_relire;f857e43f8edc5dc564156de67cc802c702da3a3c10d278331f3b2e32a6703188
44;Piv eo hennezh ?;rencontres;poser-des-questions;nouvelle_candidate;;Qui est celui-là ?;;common_voice_br_17967926.mp3;2;0;oui;a_relire;5666ed375a7e5c9c6b9c1b9a6a0ce27f225d7b095b9eed01abf94cbe13a00a66
45;Piv a gomz brezhoneg ?;rencontres;poser-des-questions;nouvelle_candidate;;Qui parle breton ?;;common_voice_br_49088458.mp3;4;0;oui;a_relire;0a5757ca1bbe30ab361874d5181887bb661c2e8d8e12a0ca125ba6a14613aac0
46;Penaos e vez distaget se ?;rencontres;poser-des-questions;nouvelle_candidate;;Comment cela se prononce-t-il ?;;common_voice_br_18702818.mp3;2;0;oui;a_relire;a3a8c17ce36744a4cfc89805fdae6a463f49c2f1467455b6a8fc2bb26d4c0740
47;Piv eo an den-se du-hont ?;rencontres;poser-des-questions;nouvelle_candidate;;Qui est cette personne là-bas ?;;common_voice_br_17988361.mp3;2;0;oui;a_relire;8b201f4cf8fee154fdc2f6b0fcfdcde7b7f9f3eeed8578c4ab687aa797c5faa0
48;Piv zo deuet ganit ?;rencontres;poser-des-questions;nouvelle_candidate;;Qui est venu avec toi ?;;common_voice_br_17971134.mp3;2;0;oui;a_relire;037c7766feed9c20e118f48706b6c8908e3d59921d848f5d43398cf1d0173c9e
49;Da bet eur en em gavomp ?;rencontres;poser-des-questions;nouvelle_candidate;;À quelle heure nous retrouvons-nous ?;;common_voice_br_17965915.mp3;2;0;oui;a_relire;73f19585f8fba76a0b9086ddc8099e454a8c07b2e5536569d4f7e6d13a3086c2
50;me zo deuet d'ho kwelet.;rencontres;se-presenter;nouvelle_candidate;;Je suis venu vous voir.;;common_voice_br_17975145.mp3;2;0;oui;a_relire;af03731bd153fb8f9804a74beaf5fe7c2c25f68040e6522832d06a3cadccf10d
